{
    "CAPACIDAD": 0,
    "DIMENSION": 100,
    "DEMANDAS": {},
    "EDGE_WEIGHT_TYPE": "EUC_2D",
    "NODE_COORD_SECTION": {
        "1": {
            "x": 37.4393516691,
            "y": 541.2090699418
        },
        "2": {
            "x": 612.1759508571,
            "y": 494.3166877396
        },
        "3": {
            "x": 38.1312338227,
            "y": 353.1484581781
        },
        "4": {
            "x": 53.4418081065,
            "y": 131.4849013650
        },
        "5": {
            "x": 143.0606355347,
            "y": 631.7200953923
        },
        "6": {
            "x": 689.9451267256,
            "y": 468.5354998742
        },
        "7": {
            "x": 112.7478815786,
            "y": 529.4177578260
        },
        "8": {
            "x": 141.4875865042,
            "y": 504.8184855710
        },
        "9": {
            "x": 661.0513901702,
            "y": 445.9375182115
        },
        "10": {
            "x": 98.7899036592,
            "y": 384.5926031158
        },
        "11": {
            "x": 697.3881696597,
            "y": 180.3962284275
        },
        "12": {
            "x": 536.4894189738,
            "y": 287.2279085051
        },
        "13": {
            "x": 192.4067320507,
            "y": 20.4394059310
        },
        "14": {
            "x": 282.7865258765,
            "y": 229.8001556189
        },
        "15": {
            "x": 240.8251726391,
            "y": 281.5141437200
        },
        "16": {
            "x": 246.9281323057,
            "y": 322.4613321160
        },
        "17": {
            "x": 649.7313216456,
            "y": 62.3331575282
        },
        "18": {
            "x": 352.9658562600,
            "y": 666.7873101942
        },
        "19": {
            "x": 633.3923676580,
            "y": 534.9398453712
        },
        "20": {
            "x": 488.3117994040,
            "y": 437.4869439948
        },
        "21": {
            "x": 141.4039286509,
            "y": 228.4325551488
        },
        "22": {
            "x": 17.3632612602,
            "y": 240.2407068508
        },
        "23": {
            "x": 397.5586451389,
            "y": 231.3591208928
        },
        "24": {
            "x": 565.7853781464,
            "y": 282.3858748974
        },
        "25": {
            "x": 475.8975387047,
            "y": 468.5392706317
        },
        "26": {
            "x": 322.4224566559,
            "y": 550.3165478233
        },
        "27": {
            "x": 397.5586634023,
            "y": 74.7588387765
        },
        "28": {
            "x": 672.8618339396,
            "y": 432.8826409630
        },
        "29": {
            "x": 571.2189680147,
            "y": 530.2616991530
        },
        "30": {
            "x": 104.6531165914,
            "y": 482.8224768783
        },
        "31": {
            "x": 356.7098388794,
            "y": 67.6477131712
        },
        "32": {
            "x": 400.4070255527,
            "y": 253.6794479997
        },
        "33": {
            "x": 282.3036243109,
            "y": 426.8380500923
        },
        "34": {
            "x": 58.7766988363,
            "y": 507.1712386832
        },
        "35": {
            "x": 189.7506224400,
            "y": 460.3815233617
        },
        "36": {
            "x": 659.9124120147,
            "y": 226.6284156239
        },
        "37": {
            "x": 639.0307636033,
            "y": 467.2302300719
        },
        "38": {
            "x": 415.0258357432,
            "y": 233.3045376118
        },
        "39": {
            "x": 547.2662016307,
            "y": 161.6589278401
        },
        "40": {
            "x": 616.6547902644,
            "y": 339.3409309407
        },
        "41": {
            "x": 494.8592427417,
            "y": 148.1217856389
        },
        "42": {
            "x": 629.9980812186,
            "y": 433.4548164038
        },
        "43": {
            "x": 471.1014312410,
            "y": 314.2219307579
        },
        "44": {
            "x": 138.2440514421,
            "y": 137.1679919735
        },
        "45": {
            "x": 91.5847556724,
            "y": 110.0203007516
        },
        "46": {
            "x": 390.6972811808,
            "y": 423.9774318385
        },
        "47": {
            "x": 565.1617825137,
            "y": 429.1598152874
        },
        "48": {
            "x": 54.5248980387,
            "y": 438.5515408431
        },
        "49": {
            "x": 334.3508329710,
            "y": 153.7969238040
        },
        "50": {
            "x": 531.0291024509,
            "y": 612.3874827889
        },
        "51": {
            "x": 475.7345905802,
            "y": 385.7844618897
        },
        "52": {
            "x": 228.8325218994,
            "y": 410.4461939615
        },
        "53": {
            "x": 578.3805347586,
            "y": 321.3303494537
        },
        "54": {
            "x": 358.9170574485,
            "y": 404.4670352898
        },
        "55": {
            "x": 486.4648554867,
            "y": 593.0429937016
        },
        "56": {
            "x": 343.1693707670,
            "y": 509.3123571315
        },
        "57": {
            "x": 530.3626972076,
            "y": 137.6881275684
        },
        "58": {
            "x": 498.8065475299,
            "y": 576.2102674608
        },
        "59": {
            "x": 224.3182715500,
            "y": 312.4677490415
        },
        "60": {
            "x": 595.8360732590,
            "y": 81.8130051356
        },
        "61": {
            "x": 661.5588724308,
            "y": 217.0456944477
        },
        "62": {
            "x": 43.6892045516,
            "y": 305.4722789165
        },
        "63": {
            "x": 79.4653452530,
            "y": 445.9641737689
        },
        "64": {
            "x": 210.4163247004,
            "y": 130.7151137038
        },
        "65": {
            "x": 432.2642292251,
            "y": 629.4092661116
        },
        "66": {
            "x": 623.2487161301,
            "y": 69.1892850840
        },
        "67": {
            "x": 436.5194739944,
            "y": 282.9356456070
        },
        "68": {
            "x": 59.4163265482,
            "y": 40.1280234442
        },
        "69": {
            "x": 630.9230074073,
            "y": 230.3429888130
        },
        "70": {
            "x": 579.3265539688,
            "y": 601.0359410602
        },
        "71": {
            "x": 117.8624507480,
            "y": 112.9796833705
        },
        "72": {
            "x": 297.7912565664,
            "y": 166.3131886803
        },
        "73": {
            "x": 22.7642703744,
            "y": 455.5340094037
        },
        "74": {
            "x": 259.7095810385,
            "y": 10.6199925885
        },
        "75": {
            "x": 342.3579873647,
            "y": 599.3880182608
        },
        "76": {
            "x": 10.0260950143,
            "y": 488.9310558282
        },
        "77": {
            "x": 315.2926064118,
            "y": 273.2275475579
        },
        "78": {
            "x": 220.7044919297,
            "y": 270.0819745721
        },
        "79": {
            "x": 192.1186059948,
            "y": 314.1839922798
        },
        "80": {
            "x": 271.5042718992,
            "y": 225.2921989972
        },
        "81": {
            "x": 530.7320005441,
            "y": 504.0670155337
        },
        "82": {
            "x": 42.5331441666,
            "y": 656.3645162886
        },
        "83": {
            "x": 396.1274792588,
            "y": 539.4648066027
        },
        "84": {
            "x": 118.6631474021,
            "y": 508.7129103929
        },
        "85": {
            "x": 395.6913876595,
            "y": 699.5376048429
        },
        "86": {
            "x": 559.0157105844,